Time (s),Magnetic Field x (µT),Magnetic Field y (µT),Magnetic Field z (µT),Absolute field (µT)
0.022433292,-0.852752686,-18.86786652,-42.04919434,46.09618551
0.032379292,-0.907226563,-18.83781433,-42.11328125,46.1434152
0.042324292,-1.032546997,-18.81381989,-42.14230347,46.16275245
0.052269292,-1.342773438,-19.04932404,-41.97671509,46.1164222
0.062215292,-1.227615356,-19.13796234,-41.59570313,45.80361515
0.072160292,-1.363632202,-18.82035065,-41.68457031,45.7566224
0.082106292,-1.686523438,-18.93820953,-41.55300903,45.69630949
0.092051292,-1.724899292,-18.5779953,-41.67407227,45.66010826
0.101996292,-1.754898071,-18.59095001,-41.68753052,45.6788057
0.111942292,-1.984359741,-18.55464172,-42.09921265,46.0494964
0.121887292,-2.427337646,-18.448349,-41.99945068,45.93677619
0.131832292,-2.644088745,-18.62310028,-42.04840088,46.06385878
0.141778292,-3.078933716,-18.50881195,-41.94281006,45.94839789
0.151723292,-2.823959351,-18.17107391,-41.99765015,45.84719502
0.161669292,-3.196624756,-18.27679443,-42.19818115,46.09713784
0.171614292,-3.210083008,-18.03984833,-42.13687134,45.94841332
0.181559292,-3.557144165,-17.65572357,-42.11444092,45.80397344
0.191505292,-3.827148438,-17.39447021,-42.33151245,45.92571835
0.201450292,-4.150390625,-17.35874939,-42.52059937,46.11456704
0.211395292,-4.310821533,-16.67720032,-42.65505981,46.0018078
0.221341292,-4.571273804,-16.39439392,-42.92364502,46.1747983
0.231286292,-4.772537231,-15.81937408,-43.27545166,46.32272039
0.241232292,-4.962722778,-15.70878601,-42.99105835,46.03939263
0.251177292,-5.318450928,-15.50465393,-42.86468506,45.89184502
0.261122292,-5.44128418,-15.39887238,-43.30136108,46.27894463
0.271068292,-5.254974365,-15.33513641,-43.0725708,46.02203298
0.281013292,-5.299438477,-15.24332428,-43.00622559,45.93450144
0.290958292,-5.212936401,-15.11712646,-42.61953735,45.52062371
0.300904292,-5.046081543,-15.03425598,-42.69973755,45.54952666
0.310849292,-5.278213501,-15.01663208,-43.03213501,45.88162399
0.320794292,-4.802871704,-15.09505463,-42.93041992,45.75968974
0.330740292,-4.514083862,-14.9908905,-42.95715332,45.72111955
0.340685292,-4.658950806,-14.95404053,-42.80853271,45.58398429
0.350631292,-4.590957642,-15.0688858,-42.88977051,45.69114384
0.360576292,-4.814544678,-15.07957458,-43.12127686,45.93493145
0.370521292,-4.568328857,-15.1867218,-43.31530762,46.12723731
0.380467292,-4.349472046,-15.2097702,-43.43035889,46.22175992
0.390412292,-4.431762695,-15.20635223,-43.07992554,45.8993862
0.400357292,-4.226196289,-15.48719788,-42.61322021,45.53680457
0.410303292,-4.19493103,-15.40470123,-42.9833374,45.85269415
0.420248292,-4.125854492,-15.21736908,-42.89816284,45.70386605
0.430194292,-4.013839722,-15.3757019,-42.95800781,45.8029863
0.440139292,-3.822387695,-15.52823639,-42.67913818,45.57680999
0.450084292,-3.688568115,-15.7195282,-43.11535645,46.03958148
0.460030292,-3.549942017,-15.95664215,-43.21212769,46.20069801
0.469975292,-3.572891235,-15.88301086,-43.37078857,46.32559646
0.479920292,-3.583602905,-16.17638397,-43.00216675,46.08366254
0.489866292,-3.417938232,-16.15003204,-42.53234863,45.6235303
0.499811292,-3.28187561,-15.92855835,-43.00436401,45.97678765
0.509757292,-3.370452881,-15.96022797,-43.40789795,46.37169863
0.519702292,-3.531555176,-16.16257477,-43.22268677,46.28068016
0.529647292,-3.310501099,-16.02880096,-42.85897827,45.87781486
0.539593292,-3.345581055,-16.00401306,-43.27114868,46.25703898
0.549538292,-3.345581055,-16.00401306,-43.27114868,46.25703898
0.559483292,-3.257980347,-16.08679199,-43.02508545,46.04950912
0.569429292,-3.290939331,-16.06459808,-43.08071899,46.09609465
0.579374292,-3.378097534,-16.02352905,-42.91473389,45.93298826
0.589320292,-3.281921387,-16.0013504,-43.14559937,46.13411934
0.599265292,-3.316574097,-15.9758606,-42.8163147,45.81991477
0.609210292,-3.45803833,-16.11325836,-42.75921631,45.82516452
0.619156292,-3.302566528,-15.9865799,-42.82116699,45.82717562
0.629101292,-3.170501709,-16.33513641,-42.68902588,45.8174824
0.639046292,-3.346343994,-15.94522858,-42.69509888,45.69813782
0.648992292,-3.497329712,-15.99355316,-42.8142395,45.8375846
0.658937292,-3.368804932,-16.10010529,-42.71981812,45.77712416
0.668886917,-3.290985107,-16.38087463,-43.11029053,46.23484385
0.678831917,-3.549880981,-16.5462265,-42.81161499,46.03491767
0.688776917,-3.511138916,-16.32024384,-42.90118408,46.03466141
0.698722917,-3.560516357,-16.37021637,-42.99594116,46.14447114
0.708667917,-3.255737305,-16.51743317,-42.92077637,46.10443002
0.718612917,-3.151931763,-16.64299011,-42.69812012,45.93531599
0.728558917,-3.288803101,-16.38498688,-42.89260864,46.03324773
0.738503917,-3.46105957,-16.45761871,-42.81600952,46.00046542
0.748449917,-3.304901123,-16.36937714,-42.83877563,45.97868612
0.758394917,-3.294006348,-16.24325562,-42.70663452,45.80993847
0.768339917,-3.300079346,-16.29064941,-42.78057861,45.89611845
0.778285917,-3.825439453,-16.64898682,-42.6605835,45.95376082
0.788230917,-3.590270996,-16.7119751,-42.7428894,46.03406078
0.798175917,-3.625427246,-16.75430298,-42.54916382,45.87245069
0.808121917,-3.491210938,-16.73072052,-43.06155396,46.32928871
0.818066917,-3.313842773,-16.77886963,-42.89953613,46.18313784
0.828012917,-3.378723145,-16.88130951,-42.7883606,46.1219924
0.837957917,-3.425247192,-16.7555542,-42.82092285,46.10978582
0.847902917,-3.534225464,-16.70405579,-42.69317627,45.98068648
0.857848917,-3.555221558,-16.72232056,-42.42910767,45.74390432
0.867793917,-3.429534912,-16.70493317,-42.65454102,45.9372003
0.877738917,-3.240310669,-16.78619385,-42.58187866,45.88564381
0.887684917,-3.185134888,-16.68112183,-42.58792114,45.84905601
0.897629917,-3.328369141,-16.68144226,-42.4258728,45.70889673
0.907575917,-3.445495605,-16.63191986,-42.60632324,45.86710126
0.917520917,-3.421829224,-16.60870361,-42.54083252,45.79607388
0.927465917,-3.379196167,-16.52152252,-42.63461304,45.84855398
0.937411917,-3.284973145,-16.71754456,-42.99688721,46.24932058
0.947356917,-3.436553955,-16.69923401,-42.76608276,46.03924581
0.957301917,-3.08543396,-16.67963409,-42.5909729,45.8445315
0.967247917,-3.111495972,-16.83705139,-42.60360718,45.91552081
0.977192917,-3.124099731,-16.7980957,-42.63201904,45.92847772
0.987138917,-3.450286865,-16.54405212,-42.66882324,45.89377536
0.997083917,-3.187911987,-16.66104126,-42.34460449,45.61599071
1.007028917,-3.248138428,-16.73284149,-42.78256226,46.0530783
1.016974917,-3.4190979,-16.54098511,-42.83499146,46.04487932
1.026919917,-3.400512695,-16.66898346,-42.57434082,45.84749712
1.036864917,-3.523696899,-16.80844879,-42.48794556,45.82756712
1.046810917,-3.231460571,-16.52106476,-42.70846558,45.90643691
1.056755917,-3.255874634,-16.36553192,-42.46350098,45.62433857
1.066701917,-3.284118652,-16.53852081,-42.12756348,45.37664279
1.076646917,-3.46295166,-16.47138977,-42.39382935,45.61288723
1.086591917,-3.399917603,-16.58898163,-42.44329834,45.69668834
1.096537917,-3.525619507,-16.51560211,-42.70898438,45.92659853
1.106482917,-3.468673706,-16.37776947,-42.87524414,46.02770459
1.116428917,-3.333648682,-16.29930878,-42.65975952,45.7890354
1.126373917,-3.454193115,-16.28276825,-42.68566895,45.81622338
1.136318917,-3.444091797,-16.38736725,-42.87716675,46.03106562
1.146264917,-3.584991455,-16.45039368,-42.56768799,45.77636592
1.156209917,-3.803039551,-16.16913605,-42.70846558,45.82485245
1.166154917,-3.587051392,-16.05204773,-42.8265686,45.87646621
1.176100917,-3.60723877,-16.39711761,-42.74438477,45.92341523
1.186045917,-3.614227295,-16.47802734,-42.70318604,45.91459595
1.195991917,-3.435089111,-16.49778748,-42.70581055,45.910381
1.205936917,-3.503311157,-16.56801605,-42.87536621,46.09847473
1.215881917,-3.500137329,-16.64473724,-42.40219116,45.68636618
1.225827917,-3.425598145,-16.78725433,-42.36917114,45.70222417
1.235772917,-3.518920898,-16.6349411,-42.5329895,45.80566849
1.245717917,-3.564254761,-16.78664398,-42.68670654,46.00706732
1.255663917,-3.508010864,-16.48583984,-42.73208618,45.93604516
1.265608917,-3.449401855,-16.63305664,-42.79736328,46.04531735
1.275554917,-3.317367554,-16.70582581,-42.51409912,45.79888828
1.285499917,-3.442657471,-16.67150116,-42.52832031,45.80882961
1.295444917,-3.421737671,-16.79548645,-42.38153076,45.71641722
1.305390917,-3.225479126,-16.83229065,-42.72717285,46.03630115
1.315335917,-2.957870483,-16.69405365,-43.10943604,46.3234703
1.325280917,-3.420715332,-16.68095398,-42.89147949,46.14796347
1.335226917,-3.303482056,-16.76252747,-42.74685669,46.03465084
1.345171917,-3.487808228,-16.82236481,-42.43817139,45.78378703
1.355117917,-3.551528931,-16.65518951,-42.6026001,45.88017252
1.365062917,-3.391265869,-16.78804779,-42.57269287,45.88870679
1.375007917,-3.548538208,-16.73391724,-42.78765869,46.08036291
1.384953917,-3.503067017,-16.7542572,-42.61621094,45.92513525
1.394898917,-3.561889648,-16.48007202,-42.45291138,45.67854547
1.404843917,-3.584350586,-16.48048401,-42.41168213,45.64213737
1.414789917,-3.813415527,-16.61412048,-42.55532837,45.84241606
1.424734917,-3.834091187,-16.67471313,-42.94851685,46.2311736
1.434680917,-3.452911377,-16.63487244,-43.18664551,46.40827435
1.444625917,-3.577606201,-16.73722839,-42.56036377,45.87285302
1.454570917,-3.397201538,-16.53109741,-42.07269287,45.33133183
1.464516917,-3.46711731,-16.78379822,-42.31887817,45.65746637
1.474461917,-3.439498901,-16.90866852,-42.44329834,45.81666507
1.484407917,-3.496917725,-16.68347931,-42.69180298,45.96908697
1.494352917,-3.66607666,-16.76847076,-42.64794922,45.97248419
1.504297917,-3.742156982,-16.74338531,-42.48443604,45.81781309
1.514243917,-3.456695557,-16.9797821,-42.47644043,45.87493582
1.524188917,-3.456695557,-16.9797821,-42.47644043,45.87493582
1.534133917,-3.542160034,-16.57569122,-42.76818848,46.00454741
1.544079917,-3.492080688,-16.75730133,-42.26733398,45.6018563
1.554024917,-3.546859741,-16.80918884,-42.37393188,45.72394501
1.563970917,-3.539520264,-16.73009491,-42.04507446,45.38956451
1.573915917,-3.554580688,-16.69555664,-42.20199585,45.52345669
1.583860917,-3.518814087,-16.72473907,-42.39709473,45.71228053
1.593806917,-3.280517578,-16.67124939,-42.5279541,45.79649803
1.603751917,-3.573135376,-16.35073853,-42.52319336,45.69831419
1.613696917,-3.403884888,-16.37512207,-42.82324219,45.97348286
1.623642917,-3.747711182,-16.46948242,-42.802948,46.01501437
1.633587917,-3.553100586,-16.31279755,-42.72335815,45.86956747
1.643533917,-3.667999268,-16.45693207,-42.57867432,45.79550566
1.653478917,-3.615539551,-16.49134064,-42.34020996,45.58212173
1.663423917,-3.626983643,-16.6449585,-42.41156006,45.70503342
1.673365833,-3.770019531,-16.35635376,-42.64593506,45.83032983
1.683310833,-3.75769043,-16.38816071,-42.55740356,45.75832872
1.693255833,-3.735946655,-16.48361206,-42.64428711,45.87158148
1.703201833,-3.66960144,-16.35417938,-42.74319458,45.91193571
1.713146833,-3.715576172,-16.11332703,-42.45922852,45.56567678
1.723092833,-3.912811279,-16.21340179,-42.35665894,45.52220388
1.733037833,-3.491485596,-16.28394318,-42.33740234,45.49519661
1.742982833,-3.563034058,-16.42292786,-41.83224487,45.0815315
1.752928833,-3.670303345,-16.38834381,-42.59378052,45.78514037
1.762873833,-3.663452148,-16.48073578,-42.68270874,45.90042657
1.772818833,-3.558624268,-16.38284302,-42.71121216,45.88364628
1.782764833,-3.580963135,-16.67518616,-42.440979,45.73971829
1.792709833,-3.593643188,-16.47110748,-42.48046875,45.70341211
1.802655833,-3.463851929,-16.61618042,-42.8190918,46.06050742
1.812600833,-3.544876099,-16.3859787,-42.52511597,45.71052321
1.822545833,-3.570785522,-16.49660492,-42.70904541,45.92331699
1.832491833,-3.716186523,-16.36952209,-42.74401855,45.92191653
1.842436833,-3.673019409,-16.52050781,-43.11578369,46.31834467
1.852382833,-3.57333374,-16.35778046,-43.1184082,46.25519237
1.862327833,-3.513320923,-16.50791931,-43.18002319,46.36129018
1.872272833,-3.804718018,-16.74520874,-43.12802124,46.42094475
1.882218833,-3.563262939,-16.52312469,-42.8538208,46.06691274
1.892163833,-3.580734253,-16.33470154,-42.659729,45.82026419
1.902108833,-3.369232178,-16.49273682,-42.44491577,45.66106622
1.912054833,-3.576171875,-16.22783661,-42.69570923,45.81544797
1.921999833,-3.564910889,-16.2364502,-42.48321533,45.61967218
1.931945833,-3.402694702,-16.40383148,-42.75979614,45.92454882
1.941890833,-3.402069092,-16.19862366,-42.48605347,45.59642773
1.951835833,-3.481643677,-16.40749359,-42.47180176,45.66378908
1.961781833,-3.219146729,-16.33113861,-42.47344971,45.61866859
1.971726833,-3.763275146,-16.25172424,-42.46899414,45.62780122
1.981671833,-3.828491211,-16.28610229,-42.62197876,45.7878537
1.991617833,-3.652023315,-16.28224182,-42.94921875,46.07693636
2.001562833,-3.922454834,-16.14990997,-42.79998779,45.91344247
2.011508833,-3.644210815,-16.33185577,-42.87213135,46.02205375
2.021453833,-3.850692749,-16.3655777,-42.81018066,45.99316837
2.031398833,-3.774398804,-16.28580475,-42.6182251,45.77976227
2.041344833,-3.696563721,-16.18474579,-42.9234314,46.02207669
2.051289833,-3.714370728,-16.17559814,-42.98223877,46.07514921
2.061234833,-3.667129517,-16.31536102,-42.94009399,46.08134673
2.071180833,-3.778686523,-16.27357483,-42.79656982,45.94185563
2.081125833,-3.999923706,-16.34856415,-42.715271,45.91153794
2.091071833,-4.154937744,-16.10494995,-42.57489014,45.70836018
2.101016833,-4.110733032,-16.25144958,-42.61630249,45.79472653
2.110961833,-4.420425415,-16.25975037,-42.48916626,45.70830222
2.120907833,-4.325592041,-16.36481476,-42.72369385,45.9546725
2.130852833,-4.128875732,-16.47800446,-42.85137939,46.09569353
2.140797833,-4.146408081,-16.28620148,-42.70077515,45.88887944
2.150743833,-4.012985229,-16.35917664,-42.5718689,45.78308347
2.160688833,-4.141876221,-16.34406281,-42.6151123,45.82937185
2.170634833,-4.06388855,-16.57145691,-42.52532959,45.8206507
2.180579833,-4.135498047,-16.33853912,-42.83633423,46.03261599
2.190524833,-4.131378174,-16.27379608,-42.9229126,46.08992461
2.200470833,-4.28225708,-16.45776367,-42.87515259,46.12455333
2.210415833,-4.156539917,-16.32441711,-42.83892822,46.0319149
2.220360833,-4.296890259,-16.37998199,-42.95516968,46.17265076
2.230306833,-4.199279785,-16.29508972,-42.69171143,45.88840948
2.240251833,-4.356750488,-16.25977325,-42.37878418,45.59959265
2.250197833,-4.047027588,-16.12658691,-42.53964233,45.67347598
2.260142833,-3.95980835,-16.24221802,-42.75244141,45.90491231
2.270087833,-3.985748291,-16.45352173,-42.73361206,45.9648362
2.280033833,-4.06048584,-16.56454468,-42.88085938,46.14802039
2.289978833,-4.285446167,-16.39942169,-42.46881104,45.72642553
2.299923833,-4.302032471,-16.47021484,-42.5385437,45.81815318
2.309869833,-4.137481689,-16.33131409,-42.43548584,45.6574313
2.319814833,-4.187164307,-16.40154266,-42.19458008,45.46345274
2.329760833,-4.346511841,-16.49986267,-42.11715698,45.44218905
2.339705833,-4.187438965,-16.50083923,-42.47442627,45.75903438
2.349650833,-4.563400269,-16.40285492,-42.59921265,45.8756056
2.359596833,-4.316802979,-16.41506958,-42.71096802,45.95994002
2.369541833,-4.363464355,-16.58759308,-42.67434692,45.99225968
2.379486833,-4.159286499,-16.82382965,-42.52520752,45.92095581
2.389432833,-4.108428955,-16.71058655,-42.65228271,45.99282675
2.399377833,-4.230453491,-16.73587036,-42.52233887,45.89265079
2.409323833,-4.149505615,-16.59051514,-42.85357666,46.13992438
2.419268833,-4.137069702,-16.75073242,-42.57846069,45.9415683
2.429213833,-4.235671997,-16.73619843,-42.6729126,46.03280053
2.439159833,-4.012481689,-16.9322052,-42.71987915,46.12794876
2.449104833,-3.913101196,-16.79152679,-43.04101563,46.36590082
2.459049833,-4.27293396,-16.76200867,-43.13754272,46.47655852
2.468995833,-4.02281189,-16.62536621,-42.90875244,46.1924978
2.478940833,-4.231140137,-16.7038269,-42.64697266,45.99657223
2.488886833,-4.219558716,-16.61121368,-42.37545776,45.71013582
2.498831833,-4.073760986,-16.54479218,-42.15057373,45.46423366
2.508776833,-4.073760986,-16.54479218,-42.15057373,45.46423366
2.518722833,-4.077468872,-16.49808502,-42.32827759,45.61245055
2.528667833,-4.171875,-16.33127594,-42.79467773,45.99456008
2.538612833,-3.983840942,-16.71831512,-42.74215698,46.06804785
2.548558833,-4.098129272,-16.76818085,-42.61480713,45.97812892
2.558503833,-3.97428894,-16.80464935,-42.77264404,46.12689336
2.568449833,-4.015136719,-16.70809937,-42.50296021,45.84521276
2.578394833,-4.141372681,-16.69878387,-42.9437561,46.26193402
2.588339833,-3.968185425,-16.81116486,-42.96795654,46.30990228
2.598285833,-3.770584106,-16.78025055,-42.90432739,46.22310485
2.608230833,-3.733001709,-16.72111511,-42.83981323,46.13871032
2.618175833,-4.016464233,-16.60588074,-42.55545044,45.85688195
2.628121833,-4.132202148,-16.69920349,-42.8873291,46.20888972
2.638066833,-4.07170105,-16.49264526,-42.81381226,46.06092289
2.648012833,-4.155700684,-16.78878021,-42.79510498,46.15792456
2.657957833,-3.873474121,-16.72160339,-42.90457153,46.21058407
2.667902833,-4.210479736,-16.7554245,-42.52105713,45.89676121
2.677849667,-4.167602539,-16.49163818,-42.41601563,45.69968733
2.687794667,-4.028884888,-16.5049057,-42.32403564,45.60666419
2.697739667,-3.9609375,-16.5359726,-42.41802979,45.69919766
2.707685667,-3.997436523,-16.75611877,-42.47467041,45.83497182
2.717630667,-4.010681152,-17.00483704,-42.48400879,45.9362716
2.727576667,-4.081451416,-16.64452362,-42.69564819,46.00670372
2.737521667,-3.867904663,-16.59700775,-42.54406738,45.83032863
2.747466667,-3.912765503,-16.8371582,-42.19491577,45.59836123
2.757412667,-3.785903931,-16.83231354,-42.74441528,46.0949551
2.767357667,-3.837249756,-16.63592529,-42.60488892,45.89831212
2.777302667,-3.612548828,-16.49598694,-42.668396,45.88856188
2.787248667,-3.915023804,-16.63777161,-42.17272949,45.50474666
2.797193667,-3.722412109,-16.49889374,-42.58493042,45.82080472
2.807139667,-3.862304688,-16.54918671,-42.6569519,45.91740981
2.817084667,-4.027130127,-16.45385742,-42.62643433,45.86894488
2.827029667,-4.032363892,-16.40133667,-42.60998535,45.83529922
2.836975667,-4.081268311,-16.46112061,-42.88470459,46.11640847
2.846920667,-4.003356934,-16.59578705,-42.94448853,46.21337587
2.856865667,-4.228927612,-16.63783264,-42.67126465,45.9949794
2.866811667,-3.94052124,-16.83499908,-42.4480896,45.83432352
2.876756667,-3.76675415,-16.90746307,-42.4649353,45.86198289
2.886702667,-3.989898682,-16.89421082,-42.7427063,46.13320488
2.896647667,-4.03453064,-16.9417572,-42.69540405,46.11071569
2.906592667,-4.092391968,-16.83822632,-42.46838379,45.86760468
2.916538667,-4.134994507,-16.88002014,-42.67877197,46.08156721
2.926483667,-4.182495117,-16.9879837,-42.55001831,46.00640079
2.936428667,-3.752502441,-17.00488281,-43.1741333,46.55376569
2.946374667,-3.483123779,-17.15312958,-42.7605896,46.20422089
2.956319667,-3.33782959,-16.8993454,-42.43151855,45.79478953
2.966264667,-3.63482666,-16.94436646,-42.73529053,46.11538329
2.976210667,-3.699676514,-16.64341736,-42.90859985,46.17184087
2.986155667,-3.673660278,-16.71759796,-42.73461914,46.03500336
2.996101667,-3.747299194,-16.82266235,-42.58682251,45.94215571
3.006046667,-3.944290161,-16.90548706,-42.69573975,46.08990247
3.015991667,-3.713485718,-16.91005707,-43.0904541,46.43842419
3.025937667,-3.571090698,-16.8466568,-42.91967773,46.24566218
3.035882667,-3.709182739,-16.74186707,-43.19448853,46.47377743
3.045828667,-3.818054199,-16.61331177,-43.01196289,46.26671176
3.055773667,-3.925689697,-17.03564453,-43.08081055,46.4928001
3.065718667,-3.82749939,-17.21708679,-42.84835815,46.33637476
3.075664667,-3.663391113,-16.94154358,-42.50735474,45.90546307
3.085609667,-3.832687378,-16.94270325,-42.67938232,46.07900131
3.095554667,-3.799957275,-17.08329773,-42.73724365,46.18171426
3.105500667,-3.67124939,-17.08921814,-42.6701355,46.11138593
3.115445667,-3.614471436,-16.91753387,-42.91369629,46.26934931
3.125391667,-3.754577637,-17.14987183,-43.00088501,46.44664755
3.135336667,-3.555084229,-16.90395355,-42.86660767,46.21610458
3.145281667,-3.612792969,-17.00624847,-42.9196167,46.30721604
3.155227667,-3.613769531,-17.04265594,-42.78396606,46.19501276
3.165172667,-3.72668457,-17.15343475,-42.70016479,46.16744064
3.175117667,-3.623382568,-16.96951294,-42.71231079,46.10243772
3.185063667,-3.390014648,-16.77762604,-42.58312988,45.89448644
3.195008667,-3.721038818,-16.97162628,-42.67245483,46.07407764
3.204954667,-3.642089844,-16.79307556,-42.11938477,45.48972168
3.214899667,-3.553695679,-16.79824066,-42.46859741,45.80820241
3.224844667,-3.686477661,-16.90730286,-42.70419312,46.0770563
3.234790667,-3.938156128,-16.61956024,-42.78900146,46.07187323
3.244735667,-3.476287842,-16.76298523,-42.71148682,46.01470805
3.254680667,-3.836608887,-16.75256348,-42.71166992,46.03970784
3.264626667,-3.774902344,-16.63628387,-42.76126099,46.03847597
3.274571667,-3.577850342,-16.66371918,-42.74307251,46.01576684
3.284517667,-3.59538269,-16.73959351,-43.17529297,46.44616981
3.294462667,-3.542449951,-16.85016632,-43.17852783,46.48507634
3.304407667,-3.678253174,-16.79749298,-42.99468994,46.30581691
3.314353667,-3.362625122,-16.75370789,-42.54943848,45.85246657
3.324298667,-3.544708252,-16.79922485,-42.5475769,45.88109864
3.334243667,-3.360580444,-16.8181839,-42.72125244,46.03531493
3.344189667,-3.326507568,-16.84532928,-42.75857544,46.07739733
3.354134667,-3.462310791,-17.0026474,-42.8677063,46.24627399
3.364080667,-3.518356323,-16.58190155,-42.97375488,46.19612429
3.374025667,-3.467651367,-16.93729401,-42.82052612,46.1789345
3.383970667,-3.365341187,-16.95013428,-42.90118408,46.2508829
3.393916667,-3.230941772,-17.04045868,-42.68325806,46.07251605
3.403861667,-3.263000488,-16.99651337,-42.85629272,46.21894054
3.413806667,-3.235565186,-16.79402161,-43.19668579,46.45924781
3.423752667,-3.300994873,-17.00392151,-43.3197937,46.65441501
3.433697667,-3.284255981,-16.79003906,-42.99450684,46.27331161
3.443642667,-3.289535522,-16.84410095,-42.8843689,46.1910584
3.453588667,-3.25982666,-16.67473602,-43.17642212,46.39910256
3.463533667,-3.286651611,-16.55715942,-43.21112061,46.39119045
3.473479667,-3.303604126,-16.44615173,-42.95455933,46.11381435
3.483424667,-3.303604126,-16.44615173,-42.95455933,46.11381435
3.493369667,-3.333190918,-16.44036102,-43.34231567,46.47528333
3.503315667,-3.239929199,-16.58588409,-43.2510376,46.43534156
3.513260667,-3.179077148,-16.72337341,-43.00537109,46.25191556
3.523205667,-3.176361084,-16.67366028,-42.93380737,46.16721816
3.533151667,-3.136779785,-16.60307312,-43.21990967,46.40540934
3.543096667,-2.993545532,-16.65209198,-42.84667969,46.06616375
3.553042667,-3.051330566,-16.6368103,-42.80288696,46.02370267
3.562987667,-3.435653687,-16.66452026,-43.07208252,46.31105963
3.572932667,-3.453048706,-16.46183777,-43.03631592,46.20649452
3.582878667,-3.220748901,-16.35842133,-42.64083862,45.784411
3.592823667,-3.506347656,-16.5631485,-42.87075806,46.09267033
3.602768667,-3.353912354,-16.72512054,-43.23944092,46.48255195
3.612714667,-3.343643188,-16.3264389,-42.865448,45.99107728
3.622659667,-3.105331421,-16.38424683,-43.10998535,46.2229106
3.632605667,-3.102584839,-16.49223328,-42.83169556,46.00189056
3.642550667,-2.923171997,-16.7461319,-42.64733887,45.91049314
3.652495667,-2.7865448,-16.50331879,-42.66265869,45.82823158
3.662441667,-3.007537842,-16.18585968,-42.70397949,45.76742512
3.672385833,-3.074188232,-16.76209259,-42.71221924,45.98643336
3.682330833,-3.118896484,-16.73409271,-42.83032227,46.08897785
3.692276833,-3.288101196,-16.83167267,-42.89691162,46.19807183
3.702221833,-3.355819702,-16.69706726,-42.96966553,46.22170201
3.712167833,-3.327453613,-16.65712738,-43.03512573,46.26612029
3.722112833,-3.402923584,-16.68056488,-42.99636841,46.24401399
3.732057833,-3.397338867,-16.67141724,-42.96795654,46.21388702
3.742003833,-3.323043823,-16.5614624,-42.67834473,45.89951814
3.751948833,-3.235702515,-16.48282623,-43.10128784,46.25877587
3.761893833,-3.275421143,-16.49536896,-43.30795288,46.45863067
3.771839833,-3.377609253,-16.54297638,-42.95828247,46.15725668
3.781784833,-3.338760376,-16.7076416,-43.06546021,46.3133509
3.791730833,-3.150268555,-16.77455902,-42.82974243,46.10528016
3.801675833,-3.247085571,-16.77198029,-42.91696167,46.19208251
3.811620833,-3.088531494,-16.62605286,-42.83248901,46.04982927
3.821566833,-3.258575439,-16.61489105,-43.10699463,46.31291293
3.831511833,-3.33380127,-16.5247345,-42.83862305,46.03616736
3.841456833,-3.26739502,-16.78974915,-43.0062561,46.28293001
3.851402833,-3.175003052,-16.85942841,-42.82849121,46.13676007
3.861347833,-3.30166626,-17.08281708,-42.89517212,46.2895175
3.871293833,-3.452346802,-16.92469788,-43.00064087,46.34025477
3.881238833,-3.428192139,-16.85474396,-42.65917969,45.9960923
3.891183833,-3.475265503,-16.7006073,-42.71282959,45.99319043
3.901129833,-3.34487915,-16.49327087,-42.72842407,45.92313605
3.911074833,-3.359939575,-16.43667603,-42.64535522,45.82662801
3.921019833,-3.251785278,-16.48416901,-42.72262573,45.90778458
3.930965833,-3.350204468,-16.55254364,-43.07312012,46.26558383
3.940910833,-3.563049316,-16.62932587,-42.97137451,46.214379
3.950856833,-3.386169434,-16.66603851,-43.15222168,46.38250984
3.960801833,-3.550933838,-16.70822906,-42.97961426,46.2495545
3.970746833,-3.219909668,-16.78939056,-42.54272461,45.84904438
3.980692833,-3.492980957,-16.74634552,-42.55792236,45.86739321
3.990637833,-3.525665283,-16.70307159,-43.17504883,46.42744617
4.000582833,-3.508377075,-16.45892334,-42.85379028,46.03968081
4.010528833,-3.508422852,-16.63300323,-42.78356934,46.0369377
4.020473833,-3.570877075,-16.85706329,-42.76428223,46.1052663
4.030419833,-3.216308594,-16.897789,-42.87496948,46.19678476
4.040364833,-3.450027466,-16.73439789,-43.36206055,46.60698507
4.050309833,-3.285858154,-16.97342682,-43.12976074,46.46579757
4.060255833,-3.58001709,-16.70282745,-42.98934937,46.2588924
4.070200833,-3.504959106,-16.37346649,-43.27444458,46.40099888
4.080145833,-3.546981812,-16.42868805,-43.30535889,46.45252393
4.090091833,-3.345321655,-16.51248169,-43.55783081,46.7026536
4.100036833,-3.272994995,-16.56287384,-43.64355469,46.79531122
4.109982833,-3.373168945,-16.5149765,-43.48742676,46.6398864
4.119927833,-3.386505127,-16.53740692,-43.52526855,46.68407916
4.129872833,-3.802124023,-16.67822266,-43.58673096,46.82331015
4.139818833,-3.502380371,-16.58506775,-43.52365112,46.7080223
4.149763833,-3.351470947,-16.51491547,-43.53427124,46.68198328
4.159708833,-3.379974365,-16.45207214,-43.3453064,46.48559445
4.169654833,-3.635131836,-16.6914444,-43.08151245,46.34474312
4.179599833,-3.621017456,-16.75697327,-42.76358032,46.07202755
4.189545833,-3.732803345,-16.88768768,-42.53106689,45.91317313
4.199490833,-3.947662354,-16.75084686,-42.77978516,46.11165717
4.209435833,-3.762588501,-16.72081757,-42.67166138,45.98492685
4.219381833,-3.583770752,-16.71907043,-42.51898193,45.82831607
4.229326833,-3.484985352,-16.51192474,-42.69369507,45.90795552
4.239271833,-3.685501099,-16.50227356,-42.44699097,45.69086334
4.249217833,-3.64743042,-16.50299835,-42.87310791,46.08422816
4.259162833,-3.680374146,-16.53596497,-42.66308594,45.90340067
4.269108833,-3.661514282,-16.51169586,-42.6920166,45.92005083
4.279053833,-3.501342773,-16.68015289,-42.75204468,46.02417002
4.288998833,-3.833938599,-16.61455536,-42.84939575,46.11738556
4.298944833,-3.780029297,-16.57733154,-42.82055664,46.07273178
4.308889833,-3.612747192,-16.50801086,-42.85198975,46.06364499
4.318834833,-3.709991455,-16.05813599,-43.1116333,46.15453059
4.328780833,-3.671005249,-16.26337433,-42.62878418,45.77321121
4.338725833,-3.597351074,-16.1244278,-42.78414917,45.86307367
4.348671833,-3.580993652,-16.23693848,-42.98025513,46.08431422
4.358616833,-3.689651489,-16.64193726,-42.65274048,45.93281914
4.368561833,-3.639389038,-16.53115845,-42.97601318,46.18941504
4.378507833,-3.465682983,-16.3235321,-42.85327148,45.98773245
4.388452833,-3.524749756,-16.30113983,-42.7644043,45.90147378
4.398397833,-3.346847534,-16.41557312,-42.60418701,45.77979008
4.408343833,-3.473129272,-16.3884201,-42.447052,45.63326817
4.418288833,-3.3331604,-16.36907959,-42.35357666,45.52891588
4.428234833,-3.34437561,-16.34329224,-42.45605469,45.61583748
4.438179833,-3.516342163,-16.27173615,-42.63717651,45.77185686
4.448124833,-3.301849365,-16.362854,-43.18722534,46.30098955
4.458070833,-3.407546997,-16.31319427,-43.02337646,46.13829869
4.468015833,-3.407546997,-16.31319427,-43.02337646,46.13829869
4.477960833,-3.492172241,-16.27279663,-43.2484436,46.34033935
4.487906833,-3.47718811,-16.4861145,-43.18890381,46.35907916
4.497851833,-3.409469604,-16.46913147,-43.01119995,46.18246524
4.507797833,-3.216461182,-16.7615509,-43.11825562,46.3732593
4.517742833,-3.413818359,-16.3420105,-42.84466553,45.98239693
4.527687833,-3.381347656,-16.59563446,-42.95446777,46.17288053
4.537633833,-3.661270142,-16.54074097,-42.89465332,46.11889303
4.547578833,-3.357589722,-16.71620178,-42.65808105,45.93927176
4.557523833,-3.565109253,-16.62343597,-42.4753418,45.75153864
4.567469833,-3.544113159,-16.40271759,-42.68539429,45.8655946
4.577414833,-3.553359985,-16.64027405,-42.48614502,45.76677404
4.587360833,-3.566879272,-16.61289215,-43.01239014,46.24690821
4.597305833,-3.451034546,-16.74861908,-42.87307739,46.15762825
4.607250833,-3.551193237,-16.80236816,-42.99078369,46.29403884
4.617196833,-3.806488037,-16.76799774,-43.0508728,46.35766116
4.627141833,-3.761550903,-16.53109741,-43.0675354,46.28432837
4.637087833,-3.513046265,-16.36769104,-42.8805542,46.03243131
4.647032833,-3.496520996,-16.30422974,-42.7925415,45.92662817
4.656977833,-3.614898682,-16.52085114,-42.5809021,45.81636431
4.666923833,-3.445922852,-16.68783569,-42.79379272,46.06155599
4.676872792,-3.584289551,-16.4498291,-42.80661011,45.99836821
4.686817792,-3.455154419,-16.4100647,-43.09332275,46.24135359
4.696763792,-3.592926025,-16.75939178,-43.14385986,46.4239052
4.706708792,-3.706420898,-16.74984741,-43.02636719,46.32022471
4.716654792,-3.645690918,-16.568367,-43.29092407,46.49630044
4.726599792,-3.587600708,-16.37574005,-43.28173828,46.41491797
4.736544792,-3.622039795,-16.49420166,-42.93414307,46.13587001
4.746490792,-3.874938965,-16.61936951,-42.99163818,46.25472461
4.756435792,-3.815658569,-16.44726563,-43.20083618,46.3830146
4.766380792,-3.704986572,-16.45617676,-42.95352173,46.14691439
4.776326792,-3.45413208,-16.61935425,-42.86456299,46.10319646
4.786271792,-3.494918823,-16.46192169,-43.36593628,46.51681151
4.796217792,-3.340789795,-16.39857483,-42.90026855,46.04896497
4.806162792,-3.503433228,-16.43237305,-43.08868408,46.24858511
4.816107792,-3.5599823,-16.4977951,-43.34762573,46.51738787
4.826053792,-3.465042114,-16.20832825,-42.82849121,45.92380734
4.835998792,-3.64024353,-16.2117157,-42.92272949,46.02642508
4.845943792,-3.434204102,-16.36683655,-43.02206421,46.15804486
4.855889792,-3.38343811,-16.49238586,-42.94100952,46.12349449
4.865834792,-3.626663208,-16.33280945,-42.93701172,46.08145317
4.875780792,-3.411575317,-16.34984589,-42.83688354,45.97776526
4.885725792,-3.346725464,-16.60942841,-43.08306885,46.29497278
4.895670792,-3.314987183,-16.46443176,-43.04397583,46.20444252
4.905616792,-3.444168091,-16.73153687,-42.9942627,46.26351959
4.915561792,-3.487030029,-16.53897095,-42.95196533,46.15807908
4.925507792,-3.629074097,-16.5268631,-42.93811035,46.15180065
4.935452792,-3.369430542,-16.38571167,-42.78439331,45.93853415
4.945397792,-3.71647644,-16.66846466,-43.01422119,46.28037528
4.955343792,-3.566574097,-16.87392426,-43.09729004,46.42010533
4.965288792,-3.529052734,-16.53836823,-42.9984436,46.20430704
4.975233792,-3.612854004,-16.46105194,-42.69592285,45.90164238
4.985179792,-3.626296997,-16.41675568,-42.79208374,45.97632356
4.995124792,-3.669464111,-16.412323,-43.06887817,46.23589061
5.005070792,-3.890441895,-16.49517822,-43.09460449,46.30735772
5.015015792,-3.557998657,-16.60527039,-42.60202026,45.86203756
5.024960792,-3.544021606,-16.43922424,-42.81149292,45.99600101
5.034906792,-3.606216431,-16.4063797,-42.86663818,46.04044701
5.044851792,-3.543365479,-16.3830719,-43.26409912,46.39765896
5.054796792,-3.513275146,-16.62044525,-43.36483765,46.57350585
5.064742792,-3.579727173,-16.75479126,-43.38793945,46.64815931
5.074687792,-3.414138794,-16.76371765,-43.40365601,46.65357358
5.084633792,-3.487838745,-16.73860168,-43.30288696,46.55626515
5.094578792,-3.382736206,-16.82373047,-43.25192261,46.53181299
5.104523792,-3.653091431,-16.54920197,-43.09765625,46.31014076
5.114469792,-3.72555542,-16.66143799,-43.5536499,46.78037728
5.124414792,-3.2890625,-16.70381165,-43.25772095,46.4872636
5.134359792,-3.305297852,-16.68058014,-43.24978638,46.47268842
5.144305792,-3.602874756,-16.82572937,-42.99349976,46.30903688
5.154250792,-3.325363159,-16.97071075,-43.03024292,46.37526139
5.164196792,-3.282119751,-16.89102173,-43.26455688,46.56072172
5.174141792,-3.471969604,-16.77030945,-43.25549316,46.52241976
5.184086792,-3.586471558,-16.87966919,-43.1000061,46.42624835
5.194032792,-3.402114868,-16.82209015,-43.09783936,46.38944772
5.203977792,-3.541854858,-16.88904572,-43.22668457,46.54385953
5.213922792,-3.581481934,-16.6585083,-43.16052246,46.40219403
5.223868792,-3.449554443,-16.71188354,-43.35778809,46.59489527
5.233813792,-3.379501343,-16.92996979,-43.31442261,46.62814721
5.243759792,-3.543792725,-16.83882904,-43.33148193,46.62319119
5.253704792,-3.639266968,-16.75200653,-43.24920654,46.52276704
5.263649792,-3.498535156,-16.79212189,-43.08483887,46.37368269
5.273595792,-3.31010437,-16.73635101,-43.20837402,46.45455652
5.283540792,-3.484573364,-16.7339859,-43.42034912,46.66363952
5.293485792,-3.201873779,-16.82163239,-43.50314331,46.75192819
5.303431792,-3.242736816,-16.70027161,-43.29653931,46.51886424
5.313376792,-3.383926392,-16.7252655,-43.36688232,46.60334695
5.323322792,-3.289886475,-16.82133484,-43.50939941,46.76375195
5.333267792,-3.466903687,-16.75222015,-43.10095215,46.37184897
5.343212792,-3.349060059,-16.65089417,-43.05627441,46.28510826
5.353158792,-3.415237427,-16.66882324,-42.79901123,46.0572348
5.363103792,-3.637832642,-16.80394745,-42.86398315,46.18362836
5.373049792,-3.526168823,-16.7744751,-42.91210938,46.20893866
5.382994792,-3.582321167,-16.77706909,-43.12109375,46.40831605
5.392939792,-3.363800049,-16.69769287,-43.1965332,46.43348553
5.402885792,-3.56149292,-16.40829468,-42.85232544,46.02432141
5.412830792,-3.579315186,-16.52938843,-43.00491333,46.21098083
5.422775792,-3.278259277,-16.63568115,-42.84854126,46.08134503
5.432721792,-3.338851929,-16.41612244,-42.76901245,45.93283612
5.442666792,-3.642501831,-16.3048172,-42.71871948,45.86942203
5.452612792,-3.656021118,-16.31102753,-43.04724121,46.17879476
5.462557792,-3.656021118,-16.31102753,-43.04724121,46.17879476
5.472502792,-3.642456055,-16.30897522,-42.88973999,46.03020699
5.482448792,-3.65007019,-16.49121094,-43.08459473,46.27704996
5.492393792,-3.630752563,-16.50069427,-43.13275146,46.32374688
5.502339792,-3.66859436,-16.46137238,-43.19894409,46.37439095
5.512284792,-3.483352661,-16.57069397,-42.95004272,46.16738908
5.522229792,-3.701965332,-16.63674927,-43.42025757,46.64552219
5.532175792,-3.575912476,-16.62363434,-43.27203369,46.49302387
5.542120792,-3.742721558,-16.72101593,-43.09762573,46.37893576
5.552065792,-3.522399902,-16.74642944,-43.17068481,46.43875782
5.562011792,-3.852462769,-16.68552399,-43.29614258,46.55968366
5.571956792,-3.926239014,-16.58013916,-43.30963135,46.54074059
5.581902792,-3.717788696,-16.9339447,-43.26715088,46.61144474
5.591847792,-3.72038269,-17.15190887,-43.57626343,46.9778667
5.601792792,-3.587356567,-16.93218994,-43.41210938,46.7352054
5.611738792,-3.671554565,-16.84954834,-43.04327393,46.36928965
5.621683792,-3.546340942,-16.81732941,-42.94381714,46.25549192
5.631628792,-3.615341187,-16.86418152,-43.11798096,46.43954772
5.641574792,-3.657775879,-16.8092041,-42.99835205,46.31184455
5.651519792,-3.721725464,-16.87874603,-43.00970459,46.35275609
5.661465792,-3.619888306,-16.79603577,-42.79431152,46.11467779
5.671407042,-3.740875244,-16.99578094,-42.93826294,46.3308228
5.681352042,-3.809783936,-16.56614685,-43.11639404,46.34625239
5.691298042,-3.808227539,-16.43519592,-42.72067261,45.93118908
5.701243042,-3.876327515,-16.70756531,-42.84234619,46.14797158
5.711188042,-3.691619873,-16.84712982,-42.81719971,46.16022564
5.721134042,-3.643844604,-16.98204803,-43.00946045,46.38406243
5.731079042,-3.88331604,-16.60554504,-43.08544922,46.33767586
5.741025042,-3.401855469,-16.94165039,-43.21298218,46.53981056
5.750970042,-3.622344971,-16.85128021,-43.07876587,46.39899888
5.760915042,-3.902359009,-16.62735748,-42.80236816,46.08405519
5.770861042,-3.793945313,-16.72005463,-42.7729187,46.08119814
5.780806042,-3.666595459,-16.58611298,-42.82833862,46.07395854
5.790751042,-3.709762573,-16.55950928,-42.8727417,46.1091278
5.800697042,-3.722854614,-16.64624023,-43.15722656,46.4058527
5.810642042,-3.892776489,-16.80356598,-42.88058472,46.21967205
5.820588042,-3.794067383,-16.71768188,-43.30847168,46.57788697
5.830533042,-3.683685303,-16.78953552,-43.47845459,46.75290423
5.840478042,-3.523086548,-16.87828064,-43.09152222,46.41301308
5.850424042,-3.734329224,-16.99391174,-42.99963379,46.38649326
5.860369042,-3.609039307,-16.94142151,-42.7628479,46.13781625
5.870315042,-3.528137207,-16.93915558,-43.14483643,46.48504764
5.880260042,-3.821365356,-17.04462433,-43.23638916,46.63161373
5.890205042,-3.780014038,-17.16796112,-42.84130859,46.307722
5.900151042,-3.640029907,-17.6239624,-42.70870972,46.34530995
5.910096042,-3.637817383,-17.21148682,-42.47631836,45.97506515
5.920041042,-3.6980896,-17.21263885,-42.56594849,46.06311728
5.929987042,-3.59727478,-17.38391113,-42.68560791,46.22988076
5.939932042,-3.781585693,-17.20134735,-42.84020996,46.31922204
5.949878042,-3.74168396,-17.51292419,-43.45352173,46.99905598
5.959823042,-3.645172119,-17.33421326,-43.41412354,46.88868042
5.969768042,-3.412414551,-17.33808136,-43.29388428,46.76124522
5.979714042,-3.267883301,-17.65737152,-43.0475769,46.6428527
5.989659042,-3.31439209,-17.69656372,-42.94482422,46.56620545
5.999604042,-3.428634644,-17.74940491,-42.54528809,46.22659893
6.009550042,-3.289123535,-17.78861237,-42.52590942,46.21369966
6.019495042,-3.404052734,-17.89569092,-42.62490845,46.35435415
6.029441042,-3.440414429,-18.04758453,-42.8399353,46.61342956
6.039386042,-3.259078979,-17.77082062,-42.61761475,46.28914287
6.049331042,-3.807220459,-17.80084229,-42.68139648,46.40114783
6.059277042,-3.570907593,-17.81520081,-42.85549927,46.54811036
6.069222042,-3.80480957,-17.66060638,-42.79769897,46.4544576
6.079168042,-3.654663086,-17.77732086,-42.69909668,46.39614808
6.089113042,-3.63343811,-17.56231689,-42.84545898,46.44749942
6.099058042,-3.542831421,-17.23944092,-42.59082031,46.08392293
6.109004042,-3.594940186,-17.52687836,-42.42623901,46.04455252
6.118949042,-3.57144165,-17.3264389,-42.26715088,45.82000354
6.128894042,-3.71546936,-17.67572021,-42.7074585,46.36984806
6.138840042,-3.603775024,-17.66027832,-42.46917725,46.13570895
6.148785042,-3.72416687,-17.46685028,-42.70983887,46.29352669
6.158731042,-3.88710022,-17.56478119,-42.64797974,46.28694483
6.168676042,-3.699417114,-17.67635345,-43.04788208,46.68253753
6.178621042,-3.73638916,-17.61682892,-43.11752319,46.72723051
6.188567042,-3.756561279,-17.58438873,-42.85513306,46.47456196
6.198512042,-3.940994263,-17.76813507,-43.08859253,46.77461775
6.208457042,-3.930389404,-17.55328369,-42.5617981,46.2068435
6.218403042,-3.619552612,-17.49758148,-42.83935547,46.41634298
6.228348042,-3.540802002,-17.52068329,-42.76367188,46.34914513
6.238294042,-3.509109497,-17.76108551,-42.81121826,46.48193646
6.248239042,-3.730667114,-17.79683685,-42.86407471,46.56150964
6.258184042,-4.002655029,-17.84391022,-42.64517212,46.40083064
6.268130042,-3.863876343,-17.6979599,-42.6986084,46.38230788
6.278075042,-3.996902466,-17.66880035,-42.74615479,46.42623702
6.288020042,-3.73008728,-17.76356506,-42.61639404,46.3207819
6.297966042,-3.618988037,-17.63380432,-42.32492065,45.99398915
6.307911042,-3.801956177,-17.72618866,-42.27548218,45.99879377
6.317857042,-3.681686401,-18.13667297,-42.38238525,46.24673287
6.327802042,-4.015853882,-17.80516815,-42.65979004,46.40052566
6.337747042,-3.929229736,-17.78053284,-42.73083496,46.44900915
6.347693042,-3.718704224,-17.45722961,-43.03167725,46.58657396
6.357638042,-3.606307983,-17.71543884,-42.63034058,46.30537947
6.367583042,-3.658630371,-17.96118164,-42.77929688,46.54092676
6.377529042,-3.537124634,-17.83059692,-42.72732544,46.43345536
6.387474042,-3.833343506,-17.68659973,-42.86248779,46.52637093
6.397420042,-3.605255127,-17.61795807,-42.74832153,46.37681862
6.407365042,-3.84324646,-17.82876587,-42.90301514,46.61871023
6.417310042,-3.833267212,-17.7004776,-42.82565308,46.49771399
6.427256042,-3.938171387,-17.58588409,-43.04525757,46.66547667
6.437201042,-3.938171387,-17.58588409,-43.04525757,46.66547667
6.447147042,-3.719848633,-17.65280914,-42.6348877,46.29462813
6.457092042,-3.654098511,-17.70024872,-42.87341309,46.52720484
6.467037042,-3.678588867,-17.63167572,-42.90393066,46.53122899
6.476983042,-3.588973999,-17.81430054,-42.99047852,46.67345371
6.486928042,-3.612075806,-17.66777039,-42.78027344,46.42573637
6.496873042,-3.632110596,-17.59008789,-43.00692749,46.6068582
6.506819042,-3.917510986,-17.76675415,-42.94689941,46.64161891
6.516764042,-3.717025757,-17.78549194,-42.83087158,46.5255152
6.526710042,-3.552154541,-17.9125824,-42.53979492,46.29376375
6.536655042,-3.694732666,-17.52375793,-42.69091797,46.29522242
6.546600042,-3.552749634,-17.52362061,-42.66564941,46.26074955
6.556546042,-3.670440674,-17.54219055,-42.82440186,46.4233775
6.566491042,-3.481002808,-17.49227905,-43.07263184,46.6191894
6.576436042,-3.625686646,-17.46248627,-43.30664063,46.83534085
6.586382042,-3.618743896,-17.51753235,-43.00231934,46.57422802
6.596327042,-3.577636719,-17.21292877,-43.12850952,46.57416381
6.606273042,-3.583435059,-17.30205536,-42.60421753,46.12289537
6.616218042,-3.522735596,-17.35559845,-42.71893311,46.24428299
6.626163042,-3.551467896,-17.3056488,-43.10461426,46.58439841
6.636109042,-3.561172485,-17.26383209,-43.11645508,46.58058122
6.646054042,-3.551101685,-17.16887665,-42.86315918,46.31016156
6.655999042,-3.394607544,-17.2293396,-43.21569824,46.64729443
6.665945042,-3.63470459,-17.38374329,-43.16012573,46.67121234
6.675889708,-3.758789063,-17.38256836,-42.91293335,46.45214771
6.685835708,-3.684082031,-17.33825684,-42.83026123,46.35319717
6.695780708,-3.579620361,-17.20827484,-42.62521362,46.10691099
6.705725708,-3.223937988,-17.23994446,-42.74630737,46.20450471
6.715671708,-3.46774292,-17.2434845,-42.94110107,46.40367615
6.725616708,-3.460281372,-17.06259918,-42.83865356,46.24128109
6.735561708,-3.584899902,-17.16760254,-43.00592041,46.44445365
6.745507708,-3.399902344,-17.16314697,-42.96618652,46.39209129
6.755452708,-3.519393921,-17.05237579,-42.92788696,46.3246493
6.765398708,-3.354095459,-17.06311798,-42.91952515,46.30859089
6.775343708,-3.643417358,-17.04891968,-42.84762573,46.25861199
6.785288708,-3.678527832,-16.91399384,-43.11813354,46.46276138
6.795234708,-3.848495483,-16.89902496,-42.95498657,46.31974561
6.805179708,-3.69644165,-16.8589325,-42.89987183,46.24160776
6.815125708,-3.581451416,-17.05690002,-42.9329834,46.33579282
6.825070708,-3.383773804,-17.16844177,-42.85775757,46.29246917
6.835015708,-3.720489502,-17.04917145,-42.91470337,46.32696898
6.844961708,-3.575195313,-16.88868713,-43.31829834,46.63137083
6.854906708,-3.523162842,-16.78734589,-43.27694702,46.55235549
6.864851708,-3.539199829,-16.91181946,-43.20425415,46.53109874
6.874797708,-3.642822266,-17.14609528,-43.47988892,46.88026746
6.884742708,-3.568359375,-17.12314606,-43.27218628,46.67351953
6.894688708,-3.58531189,-16.77474213,-43.13024902,46.41621285
6.904633708,-3.637496948,-17.09182739,-43.39379883,46.78016379
6.914578708,-3.696884155,-17.06316376,-43.39401245,46.77455319
6.924524708,-3.859985352,-16.90289307,-43.22561646,46.57318111
6.934469708,-3.918807983,-16.96459198,-43.53051758,46.88347681
6.944414708,-3.777404785,-16.81204224,-43.51242065,46.80004596
6.954360708,-3.916320801,-16.83428192,-43.18438721,46.51474943
6.964305708,-3.886169434,-16.87381744,-42.95193481,46.31087056
6.974251708,-4.048217773,-16.90985107,-43.19116211,46.55972095
6.984196708,-4.037384033,-16.72116089,-43.32015991,46.61044889
6.994141708,-3.777420044,-16.72719574,-43.09521484,46.38173694
7.004087708,-3.669494629,-17.0151825,-43.16162109,46.5393077
7.014032708,-3.926986694,-17.01027679,-42.86938477,46.28774018
7.023977708,-4.034927368,-16.80387878,-42.55209351,45.92746066
7.033923708,-4.155334473,-16.83236694,-42.74026489,46.12294033
7.043868708,-4.119689941,-16.84788513,-43.03012085,46.39412009
7.053814708,-3.777084351,-16.81054688,-43.12557983,46.4400311
7.063759708,-3.720230103,-16.82192993,-43.01446533,46.33639678
7.073704708,-4.073440552,-16.84780884,-42.90985107,46.27847123
7.083650708,-4.051757813,-16.77657318,-42.85195923,46.19697565
7.093595708,-4.033981323,-16.7345047,-43.14212036,46.44953393
7.103541708,-3.979156494,-16.74897003,-43.1446228,46.45234289
7.113486708,-3.865188599,-16.85704041,-43.03695679,46.38188379
7.123431708,-4.044921875,-16.75847626,-43.31018066,46.61523001
7.133377708,-3.950057983,-16.62300873,-43.2121582,46.46738635
7.143322708,-4.246902466,-16.72898865,-43.08422852,46.41277829
7.153267708,-4.145172119,-16.8240509,-43.53384399,46.85538084
7.163213708,-3.933135986,-16.7959671,-43.18417358,46.50211735
7.173158708,-4.020599365,-16.64694977,-43.05349731,46.33454205
7.183104708,-4.10319519,-16.81452179,-43.13830566,46.48093985
7.193049708,-4.00453186,-16.89944458,-42.93789673,46.31728055
7.202994708,-4.104873657,-16.98300934,-43.49185181,46.87017994
7.212940708,-3.968933105,-16.9681778,-42.81723022,46.22755338
7.222885708,-4.009811401,-16.86342621,-42.93707275,46.30384377
7.232830708,-3.857635498,-16.88037872,-42.95306396,46.31192332
7.242776708,-3.906799316,-17.02147675,-42.76477051,46.1932825
7.252721708,-3.925308228,-16.96499634,-43.23416138,46.60913918
7.262667708,-4.253646851,-16.89791107,-43.04119873,46.43466053
7.272612708,-4.103927612,-16.96576691,-42.83013916,46.25040853
7.282557708,-3.964370728,-16.78101349,-42.96734619,46.29807218
7.292503708,-3.934356689,-16.7015152,-43.54736328,46.8059037
7.302448708,-3.842544556,-16.91039276,-43.3656311,46.70443762
7.312393708,-4.037185669,-16.56389618,-43.55389404,46.77182069
7.322339708,-3.975357056,-16.72457886,-43.14370728,46.44237805
7.332284708,-3.853912354,-16.85892487,-42.95959473,46.30985605
7.342230708,-4.036682129,-16.65879059,-43.20498657,46.48097429
7.352175708,-4.023757935,-16.75323486,-43.27276611,46.57675164
7.362120708,-3.843704224,-16.52789307,-43.00778198,46.23434462
7.372066708,-3.934967041,-16.4799118,-43.08966064,46.30108328
7.382011708,-3.759124756,-16.44772339,-42.90472412,46.10286299
7.391957708,-3.955993652,-16.87844086,-43.36282349,46.69974424
7.401902708,-4.029647827,-16.80667877,-43.05105591,46.39068794
7.411847708,-3.997680664,-16.70153809,-43.01464844,46.3161182
7.421793708,-3.826385498,-16.42910004,-42.91644287,46.11266228
7.431738708,-3.826385498,-16.42910004,-42.91644287,46.11266228
7.441683708,-3.958007813,-16.67940521,-43.25894165,46.53175708
7.451629708,-3.977508545,-16.56638336,-42.98355103,46.23690399
7.461574708,-4.325439453,-16.59931946,-42.62509155,45.94720082
7.471520708,-4.147964478,-16.8241272,-43.05825806,46.4141191
7.481465708,-4.017425537,-16.77960968,-42.76818848,46.11738235
7.491410708,-4.035232544,-16.65682983,-42.49057007,45.81682689
7.501356708,-4.246963501,-16.47465515,-42.99127197,46.23527254
7.511301708,-4.254882813,-16.4460907,-42.84625244,46.09098909
7.521247708,-4.405502319,-16.67448425,-43.08761597,46.4110927
7.531192708,-4.219848633,-16.42176056,-42.91738892,46.14524476
7.541137708,-4.094192505,-16.77874756,-43.06393433,46.39818123
7.551083708,-3.971542358,-16.50073242,-42.39837646,45.66913231
7.561028708,-3.802246094,-16.47175598,-42.78665161,46.00514511
7.570973708,-4.036437988,-16.38793945,-43.13110352,46.31575846
7.580919708,-4.067428589,-16.26266479,-43.15768433,46.29907081
7.590864708,-4.140625,-16.35440063,-43.02767944,46.21679774
7.600810708,-3.915817261,-16.67888641,-43.17715454,46.45197037
7.610755708,-4.12487793,-16.66098785,-43.01202393,46.31022928
7.620700708,-3.999740601,-16.77774811,-43.19363403,46.51000728
7.630646708,-4.18687439,-16.52402496,-43.16744995,46.41122767
7.640591708,-4.075592041,-16.63313293,-43.41378784,46.66935329
7.650536708,-4.13571167,-16.68891144,-43.42510986,46.70507513
7.660482708,-4.170288086,-16.40517426,-43.33502197,46.52359804
7.670427708,-3.994033813,-16.54048157,-43.28994751,46.51407735
7.680378167,-4.124923706,-16.67016602,-42.8928833,46.20290974
7.690323167,-4.05255127,-16.75081635,-42.86166382,46.19670167
7.700268167,-3.983154297,-16.75177765,-43.24563599,46.54753059
7.710214167,-4.044464111,-16.5333786,-43.2388916,46.46839835
7.720159167,-4.042053223,-16.53416443,-43.20370483,46.43572869
7.730105167,-4.213943481,-16.68764496,-43.56542969,46.84209088
7.740050167,-4.191116333,-16.68845367,-43.28811646,46.58251784
7.749995167,-4.0728302,-16.76054382,-43.15100098,46.47055692
7.759941167,-4.018875122,-16.57446289,-43.16372681,46.41089839
7.769886167,-4.139129639,-16.39295959,-43.39971924,46.57678766
7.779831167,-4.034667969,-16.39335632,-43.81213379,46.95235611
7.789777167,-4.133148193,-16.36225891,-43.43200684,46.59555396
7.799722167,-4.234573364,-16.19300842,-43.40817261,46.52326926
7.809668167,-4.155853271,-16.42629242,-43.27026367,46.46945144
7.819613167,-4.082962036,-16.3631897,-43.34274292,46.50825647
7.829558167,-3.784332275,-16.29518127,-43.03271484,46.1699973
7.839504167,-3.711364746,-16.65031433,-43.16021729,46.4091753
7.849449167,-3.695892334,-16.56780243,-43.42437744,46.62433113
7.859395167,-3.881591797,-16.65547943,-42.98373413,46.26092465
7.869340167,-3.82421875,-16.53626251,-42.94104004,46.17364558
7.879285167,-3.822875977,-16.73781586,-43.00314331,46.30377085
7.889231167,-3.954803467,-16.66681671,-42.94430542,46.23458249
7.899176167,-3.883651733,-16.73130035,-43.29833984,46.58074061
7.909121167,-3.923141479,-16.44619751,-42.98825073,46.19370252
7.919067167,-3.901763916,-16.31393433,-43.39923096,46.52807177
7.929012167,-4.209564209,-16.43531799,-42.91705322,46.14881976
7.938958167,-4.122528076,-16.29941559,-42.91946411,46.09497354
7.948903167,-4.06427002,-16.23232269,-42.57885742,45.74894196
7.958848167,-4.048294067,-16.30387878,-42.81335449,45.99117819
7.968794167,-4.199234009,-16.2883606,-43.31912231,46.47031972
7.978739167,-4.064422607,-15.99242401,-43.25509644,46.29557781
7.988685167,-3.953475952,-15.9358902,-43.27044678,46.2808182
7.998630167,-3.885345459,-16.33983612,-42.85232544,46.02616592
8.008575167,-4.171569824,-16.34307098,-42.88986206,46.08728926
8.018521167,-4.080581665,-16.64044189,-43.07122803,46.35392256
8.028466167,-3.902175903,-16.32975769,-42.83251953,46.00557241
8.038411167,-3.964523315,-16.38340759,-43.05661011,46.23856792
8.048357167,-4.049301147,-16.29488373,-43.14959717,46.30127224
8.058302167,-4.152435303,-16.09280396,-43.18920898,46.27665535
8.068248167,-4.031219482,-16.32122803,-43.26617432,46.41761578
8.078193167,-4.117874146,-16.33221436,-43.26309204,46.42621292
8.088138167,-4.182495117,-16.37761688,-43.08868408,46.2855733
8.098084167,-4.084747314,-16.44007874,-43.43954468,46.62569454
8.108029167,-4.129837036,-16.45379639,-43.2114563,46.42211677
8.117975167,-4.106170654,-16.29801941,-43.25369263,46.40439634
8.127920167,-4.042221069,-16.38239288,-43.22723389,46.4038371
8.137865167,-3.966796875,-16.56144714,-43.24343872,46.47592927
8.147811167,-4.089477539,-16.35932922,-42.96517944,46.15580271
8.157756167,-4.013259888,-16.40795135,-43.28799438,46.46695149
8.167702167,-3.83265686,-16.38605499,-43.20440674,46.366074
8.177647167,-3.932403564,-16.45032501,-43.34216309,46.52547788
8.187592167,-4.001419067,-16.5530777,-43.00631714,46.25536779
8.197538167,-4.010162354,-16.43438721,-43.14996338,46.34748995
8.207483167,-3.876205444,-16.02700043,-43.41571045,46.44150757
8.217428167,-4.095855713,-16.34132385,-42.95675659,46.14214815
8.227374167,-3.803421021,-16.41056061,-42.99801636,46.18010309
8.237319167,-3.888671875,-16.01626587,-43.27316284,46.30560618
8.247265167,-3.82194519,-16.2024231,-43.23730469,46.3313101
8.257210167,-4.035827637,-16.18388367,-43.0864563,46.20225873
8.267155167,-3.955718994,-16.12743378,-42.80825806,45.91610601
8.277101167,-4.136123657,-16.09098816,-42.95214844,46.05338722
8.287046167,-4.211486816,-16.26045227,-43.00314331,46.16718817
8.296992167,-4.144668579,-16.45370483,-43.16662598,46.38168042
8.306937167,-3.972732544,-16.25231171,-43.5760498,46.67753588
8.316882167,-4.088088989,-16.39072418,-43.09063721,46.28359672
8.326828167,-4.354263306,-16.45908356,-43.06539917,46.30863468
8.336773167,-4.312637329,-16.48706055,-42.70391846,45.97876312
8.346718167,-4.357192993,-16.50241089,-42.89001465,46.16132637
8.356664167,-4.30480957,-16.32331848,-42.88183594,46.08507313
8.366609167,-4.275527954,-16.29373169,-42.72918701,45.92982968
8.376555167,-4.092330933,-16.43488312,-42.71188354,45.94733454
8.386500167,-4.288223267,-16.44132233,-42.87930298,46.12310227
8.396445167,-4.216461182,-16.37827301,-43.08935547,46.28951206
8.406391167,-4.389007568,-16.3547287,-42.96151733,46.17826881
8.416336167,-4.20489502,-16.4197464,-42.92074585,46.1462852
8.426282167,-4.20489502,-16.4197464,-42.92074585,46.1462852
8.436227167,-4.052246094,-16.3928833,-42.95788574,46.157635
8.446172167,-3.953323364,-16.46282959,-43.20669556,46.40551761
8.456118167,-3.959091187,-16.14586639,-43.20639038,46.29422831
8.466063167,-4.037918091,-16.41269684,-42.8343811,46.0485136
8.476009167,-4.228134155,-16.39096069,-42.8757019,46.09627452
8.485954167,-4.332504272,-16.47599792,-43.31411743,46.5439778
8.495899167,-4.280105591,-16.31801605,-43.49093628,46.64824209
8.505845167,-4.172683716,-16.36263275,-43.63754272,46.79083431
8.515790167,-4.30291748,-16.53922272,-43.58197021,46.81291611
8.525735167,-4.315933228,-16.39144135,-43.53826904,46.72138162
8.535681167,-4.27645874,-16.39050293,-43.62869263,46.80170409
8.545626167,-4.115509033,-16.45787048,-43.44802856,46.6425782
8.555572167,-4.01890564,-16.5200119,-43.26358032,46.4844036
8.565517167,-4.21043396,-16.62499237,-42.96682739,46.26301311
8.575462167,-4.191726685,-16.66254425,-43.2024231,46.49365887
8.585408167,-4.18762207,-16.40544891,-43.35018921,46.53937942
8.595353167,-4.071090698,-16.31841278,-42.61355591,45.81243851
8.605299167,-3.784393311,-16.44739532,-42.84555054,46.04975186
8.615244167,-3.900741577,-16.4521637,-43.02871704,46.23159056
8.625189167,-3.897216797,-16.36382294,-43.1322937,46.29641195
8.635135167,-3.723449707,-16.60599518,-43.24838257,46.47629233
8.645080167,-4.101928711,-16.5332489,-43.14828491,46.38910033
8.655026167,-3.886505127,-16.29820251,-43.1550293,46.29355118
8.664971167,-3.792755127,-16.49774933,-42.92550659,46.14282003
8.674912792,-3.971481323,-16.41136169,-42.53155518,45.76066698
8.684858792,-3.950088501,-16.35289764,-42.68286133,45.87861279
8.694803792,-3.750686646,-16.27465057,-43.09518433,46.21825195
8.704749792,-3.625061035,-16.11812592,-43.58853149,46.61432321
8.714694792,-3.891525269,-16.22190094,-43.16445923,46.27596114
8.724639792,-3.959396362,-16.12310791,-42.88366699,45.98521853
8.734585792,-3.798721313,-15.93048096,-43.02194214,46.03366173
8.744530792,-3.824325562,-15.99256897,-42.93893433,45.97977609
8.754475792,-3.737426758,-16.05417633,-42.99328613,46.04484324
8.764421792,-3.620605469,-16.085289,-43.30465698,46.33722718
8.774366792,-3.796691895,-16.29566193,-43.19885254,46.32606532
8.784312792,-3.815734863,-16.1676178,-43.19815063,46.28209066
8.794257792,-3.899108887,-16.0475769,-42.95028687,46.01581159
8.804202792,-3.813018799,-16.05458832,-43.29092407,46.32918114
8.814148792,-3.705459595,-16.13021088,-43.48910522,46.53188592
8.824093792,-3.763214111,-16.26141357,-43.43127441,46.52817371
8.834039792,-3.844711304,-16.12957764,-43.13735962,46.21446608
8.843984792,-4.069015503,-15.95722961,-43.19903564,46.23144757
8.853929792,-3.784637451,-16.07500458,-42.88711548,45.95687029
8.863875792,-3.784240723,-16.18428802,-42.78701782,45.90185781
8.873820792,-4.004333496,-16.23180389,-42.49185181,45.6624968
8.883766792,-3.922729492,-16.23915863,-42.68591309,45.83868732
8.893711792,-3.990371704,-16.0759201,-43.00457764,46.08418353
8.903656792,-3.933410645,-16.23793793,-43.2052002,46.32312243
8.913602792,-4.050415039,-16.18524933,-42.97619629,46.10121045
8.923547792,-4.030227661,-16.29727936,-42.88824463,46.05698185
8.933492792,-4.033966064,-16.32261658,-42.70022583,45.89128436
8.943438792,-3.706634521,-16.45484924,-42.82577515,46.02768971
8.953383792,-3.815643311,-16.36868286,-42.78308105,45.96612815
8.963329792,-3.701705933,-16.09117126,-42.77890015,45.85480037
8.973274792,-3.695861816,-16.18494415,-42.93109131,46.02923433
8.983219792,-3.664276123,-16.05535126,-43.39752197,46.41708885
8.993165792,-3.735855103,-16.27519989,-43.57876587,46.66848594
9.003110792,-3.66116333,-16.42757416,-43.39291382,46.54260714
9.013056792,-3.719894409,-16.21028137,-43.40505981,46.48236283
9.023001792,-3.880142212,-16.17910767,-42.82119751,45.93989535
9.032946792,-4.00453186,-16.22619629,-43.14480591,46.26877995
9.042892792,-4.036468506,-16.13098145,-42.98501587,46.08918777
9.052837792,-3.946929932,-16.00465393,-42.97384644,46.0269343
9.062783792,-3.837493896,-16.0838089,-42.98413086,46.05486699
9.072728792,-3.949356079,-16.15666199,-43.17907715,46.27167431
9.082673792,-3.931610107,-16.17082214,-43.6960144,46.75783059
9.092619792,-3.926254272,-16.39123535,-43.568573,46.7151862
9.102564792,-4.031356812,-16.31008148,-43.48391724,46.61675293
9.112510792,-4.244842529,-16.2358551,-43.59533691,46.71375686
9.122455792,-4.391799927,-16.05412292,-42.86114502,45.97934886
9.132400792,-4.120391846,-16.2912674,-43.02603149,46.19115076
9.142346792,-4.237670898,-16.1792984,-43.12832642,46.25775709
9.152291792,-4.043014526,-16.13647461,-43.22711182,46.317545
9.162236792,-4.081207275,-16.09912872,-43.3001709,46.37610374
9.172182792,-3.963256836,-16.07237244,-43.29223633,46.34917784
9.182127792,-3.987106323,-16.13689423,-42.89038086,45.99870805
9.192073792,-3.740661621,-15.99768066,-43.21005249,46.22798906
9.202018792,-3.931503296,-15.98628998,-43.26004028,46.28659926
9.211963792,-3.999694824,-15.95765686,-43.08511353,46.11909993
9.221909792,-4.014053345,-16.05953979,-43.10263062,46.17205008
9.231854792,-4.007217407,-16.16921997,-43.13357544,46.23858558
9.241800792,-4.102249146,-16.30635071,-42.71517944,45.90546892
9.251745792,-3.803482056,-16.08664703,-42.70513916,45.79274614
9.261690792,-4.02835083,-16.38269806,-42.82501221,46.02827475
9.271636792,-3.793685913,-16.4465332,-42.86981201,46.07278252
9.281581792,-3.861129761,-16.37462616,-43.02062988,46.19319539
9.291527792,-3.698318481,-16.4265213,-43.04803467,46.22381908
9.301472792,-4.050949097,-16.30671692,-43.19528198,46.34815628
9.311417792,-3.827819824,-16.19132996,-43.10986328,46.20900002
9.321363792,-3.821044922,-16.27349091,-42.9758606,46.11237886
9.331308792,-3.955078125,-16.10545349,-43.18276978,46.25775482
9.341254792,-4.07460022,-16.30955505,-43.58096313,46.71085849
9.351199792,-4.23059082,-16.40542603,-43.12356567,46.33225462
9.361144792,-4.136642456,-16.57653046,-43.09790039,46.3607829
9.371090792,-4.121398926,-16.15155029,-43.2199707,46.32304366
9.381035792,-4.155548096,-16.21433258,-42.97869873,46.12311466
9.390981792,-4.036895752,-16.4352951,-42.74282837,45.97134792
9.400926792,-4.125091553,-16.49674988,-42.87902832,46.12775961
9.410871792,-4.124267578,-16.36839294,-43.05264282,46.24352846
9.420817792,-4.124267578,-16.36839294,-43.05264282,46.24352846
9.430762792,-4.085998535,-16.25701904,-42.74511719,45.91438876
9.440707792,-4.037475586,-16.04991913,-43.03726196,46.10972815
9.450653792,-3.846374512,-16.09405518,-43.2350769,46.29346697
9.460598792,-3.942108154,-16.22972107,-42.96456909,46.09661875
9.470544792,-3.751693726,-16.39565277,-43.1697998,46.33059735
9.480489792,-4.009536743,-16.40890503,-43.0090332,46.20720167
9.490434792,-4.019119263,-16.3829422,-43.0526123,46.23939382
9.500380792,-3.758117676,-16.30970764,-43.20016479,46.32908644
9.510325792,-3.852035522,-16.21989441,-43.21685791,46.32083721
9.520271792,-4.185623169,-16.35534668,-43.0229187,46.21675389
9.530216792,-3.824523926,-16.42076111,-42.97640991,46.16535701
9.540161792,-3.888748169,-16.40232849,-43.03167725,46.21562494
9.550107792,-4.150421143,-16.31537628,-43.49591064,46.64023737
9.560052792,-3.791793823,-16.41420746,-43.33932495,46.49839776
9.569998792,-4.069824219,-16.12963867,-43.51165771,46.58318441
9.579943792,-4.051696777,-16.13352203,-43.5145874,46.58568554
9.589888792,-4.034225464,-16.11079407,-43.35372925,46.42605411
9.599834792,-4.041992188,-16.0787735,-43.70620728,46.7450234
9.609779792,-3.977539063,-16.07144928,-43.39959717,46.45037495
9.619725792,-4.029876709,-16.1643219,-43.43710327,46.52211463
9.629670792,-3.904602051,-16.08152008,-43.51239014,46.55308046
9.639615792,-3.738693237,-16.19541931,-43.60818481,46.66843919
9.649561792,-3.711975098,-16.06383514,-43.41293335,46.43822069
9.659506792,-3.702880859,-16.21362305,-43.740448,46.79550929
9.669452792,-3.847335815,-16.2935791,-43.50231934,46.61260023
9.679397542,-3.787521362,-16.25325775,-43.27618408,46.38255938
9.689342542,-3.923965454,-16.23295593,-43.49127197,46.58752087
9.699288542,-3.539871216,-16.40097046,-43.03143311,46.18686778
9.709233542,-3.64781189,-16.35263062,-43.13885498,46.27824401
9.719178542,-3.871017456,-16.08314514,-43.03695679,46.10674553
9.729124542,-3.660232544,-16.07512665,-42.89797974,45.95697623
9.739069542,-3.65411377,-16.01296234,-43.33865356,46.34658998
9.749015542,-3.856796265,-16.06636047,-43.22070313,46.27128694
9.758960542,-3.788589478,-16.02745056,-43.06402588,46.10577954
9.768905542,-3.690841675,-16.03514099,-43.24545288,46.27004705
9.778851542,-3.946243286,-16.14094543,-43.38684082,46.45988498
9.788796542,-3.884933472,-16.15040588,-43.33944702,46.41374782
9.798742542,-4.068435669,-16.35782623,-43.56481934,46.71214116
9.808687542,-3.915878296,-16.24207306,-43.49499512,46.59349354
9.818633542,-3.817886353,-16.44184875,-43.5256958,46.68401056
9.828578542,-3.680953979,-16.4076767,-43.43023682,46.57195236
9.838523542,-3.705856323,-16.37587738,-43.33013916,46.46938445
9.848469542,-3.880050659,-16.26776886,-43.1081543,46.23859928
9.858414542,-3.869338989,-16.23792267,-43.42141724,46.51947325
9.868359542,-3.78678894,-15.92871857,-43.01165771,46.02245696
9.878305542,-3.996200562,-15.9371109,-42.88150024,45.92150026
9.888250542,-3.948974609,-15.96548462,-42.92572021,45.96856051
9.898196542,-3.955352783,-16.06005859,-42.82357788,45.90674373
9.908141542,-4.030899048,-16.06906128,-42.73400879,45.83293995
9.918086542,-3.86907959,-16.24409485,-42.84460449,45.98369851
9.928032542,-3.93989563,-15.97657013,-43.26339722,46.28709442
9.937977542,-4.001419067,-15.95649719,-43.22854614,46.25287406
9.947923542,-4.074569702,-15.95184326,-42.91226196,45.96221979
9.957868542,-4.026260376,-15.94818878,-42.92202759,45.96581284
9.967813542,-3.870880127,-16.08690643,-42.89367676,45.97433825
9.977759542,-3.871627808,-16.02082825,-43.09042358,46.13503055
9.987704542,-3.906173706,-15.81578827,-42.69213867,45.69481432
9.997650542,-3.92074585,-15.85300446,-43.11175537,46.101122
